{
  "model_path": "fixtures/gtil/mixedwidth.captured-in-script",
  "n_features": 2,
  "input": [
    [
      0.10000000149011612,
      0.24421754479408264
    ],
    [
      0.09999999403953552,
      0.5707171559333801
    ],
    [
      0.10000000149011612,
      -0.4548147916793823
    ],
    [
      0.20000000298023224,
      0.6037443280220032
    ],
    [
      null,
      0.7518652677536011
    ],
    [
      -0.2843654453754425,
      0.0019902510102838278
    ],
    [
      0.3669258654117584,
      0.42540404200553894
    ],
    [
      -0.2594984769821167,
      0.12239237129688263
    ],
    [
      0.00616633053869009,
      -0.972463071346283
    ],
    [
      0.545653223991394,
      0.765282392501831
    ],
    [
      -0.2702280282974243,
      0.2307923585176468
    ],
    [
      -0.8492375016212463,
      -0.26235198974609375
    ],
    [
      0.866280198097229,
      0.30275627970695496
    ],
    [
      -0.20559483766555786,
      0.5774602890014648
    ],
    [
      -0.36632776260375977,
      0.1361972987651825
    ],
    [
      0.7382547855377197,
      -0.12765315175056458
    ],
    [
      0.6042953133583069,
      -0.7124663591384888
    ],
    [
      0.40852195024490356,
      0.40916261076927185
    ],
    [
      -0.5624157786369324,
      0.8497352600097656
    ],
    [
      -0.11571849137544632,
      0.8186319470405579
    ],
    [
      -0.8803815841674805,
      -0.6314258575439453
    ],
    [
      -0.9052894711494446,
      0.34976187348365784
    ],
    [
      0.18924956023693085,
      0.06662032753229141
    ],
    [
      -0.9133518934249878,
      0.12286616116762161
    ],
    [
      -0.3406631052494049,
      0.005933666136115789
    ],
    [
      -0.7762113809585571,
      0.2143874168395996
    ],
    [
      0.13188928365707397,
      -0.9864718914031982
    ],
    [
      0.2348834127187729,
      0.8242457509040833
    ],
    [
      0.5810482501983643,
      0.9841629266738892
    ],
    [
      0.9176035523414612,
      0.5839282870292664
    ],
    [
      -0.4294980764389038,
      0.24983340501785278
    ],
    [
      -0.04381240904331207,
      -0.6086496710777283
    ],
    [
      -0.235365092754364,
      -0.8922526240348816
    ],
    [
      -0.0967031866312027,
      0.9640094637870789
    ],
    [
      -0.7521145939826965,
      -0.7612382173538208
    ],
    [
      0.47704610228538513,
      0.1746072620153427
    ],
    [
      -0.05673493072390556,
      -0.7857463359832764
    ],
    [
      -0.5415628552436829,
      0.7999303936958313
    ],
    [
      -0.16649292409420013,
      0.07170332223176956
    ],
    [
      -0.9875829815864563,
      -0.39871659874916077
    ],
    [
      -0.1262136548757553,
      0.22429800033569336
    ],
    [
      0.8363961577415466,
      0.2514733374118805
    ],
    [
      0.41199514269828796,
      -0.7003325819969177
    ],
    [
      0.49212682247161865,
      0.6620140075683594
    ],
    [
      0.26745152473449707,
      -0.12338023632764816
    ],
    [
      -0.6948544383049011,
      0.13681922852993011
    ],
    [
      0.0564485564827919,
      0.9028575420379639
    ],
    [
      -0.03928164392709732,
      0.005119126755744219
    ],
    [
      0.0737563893198967,
      0.638404130935669
    ],
    [
      -0.885768711566925,
      0.3388434946537018
    ],
    [
      0.5342332720756531,
      0.4162307381629944
    ],
    [
      0.5937343835830688,
      0.11552165448665619
    ],
    [
      0.9316730499267578,
      -0.7056862115859985
    ],
    [
      -0.9407060146331787,
      0.1877869814634323
    ],
    [
      -0.7718685865402222,
      0.9016196727752686
    ],
    [
      -0.3485851585865021,
      -0.6127626299858093
    ],
    [
      -0.08437670022249222,
      0.8408051133155823
    ],
    [
      0.7581382989883423,
      -0.49476850032806396
    ],
    [
      -0.3039824068546295,
      -0.6348225474357605
    ],
    [
      0.8035920858383179,
      0.41305631399154663
    ],
    [
      0.45331692695617676,
      0.800175666809082
    ],
    [
      0.5583276152610779,
      0.19830955564975739
    ],
    [
      -0.4177495241165161,
      -0.6972094774246216
    ],
    [
      -0.3296506702899933,
      0.31510356068611145
    ],
    [
      -0.8533149361610413,
      -0.8899872303009033
    ],
    [
      -0.3536103665828705,
      0.18096360564231873
    ],
    [
      0.707797110080719,
      -0.42587515711784363
    ],
    [
      -0.6538655757904053,
      -0.7319576144218445
    ],
    [
      0.9893076419830322,
      -0.6410042643547058
    ],
    [
      -0.36490634083747864,
      0.13658280670642853
    ],
    [
      -0.9813028573989868,
      0.8012972474098206
    ],
    [
      0.9544828534126282,
      0.11378935724496841
    ],
    [
      -0.8304523229598999,
      -0.3339950740337372
    ],
    [
      0.4568573534488678,
      -0.7151292562484741
    ],
    [
      0.10493788123130798,
      -0.45391348004341125
    ],
    [
      0.9489902853965759,
      0.33557382225990295
    ],
    [
      -0.4886934161186218,
      -0.7833769917488098
    ],
    [
      0.5523614287376404,
      0.56495600938797
    ],
    [
      0.5232078433036804,
      0.8288062214851379
    ],
    [
      0.31724557280540466,
      0.13673515617847443
    ],
    [
      -0.5964885950088501,
      0.39659273624420166
    ],
    [
      0.904390811920166,
      0.779926598072052
    ],
    [
      0.9871347546577454,
      0.6374070048332214
    ],
    [
      0.09024433046579361,
      -0.09749189019203186
    ],
    [
      0.781114399433136,
      0.9465295672416687
    ],
    [
      0.18682265281677246,
      -0.26785099506378174
    ],
    [
      -0.3538106083869934,
      0.7428464889526367
    ],
    [
      -0.5687318444252014,
      0.46989038586616516
    ],
    [
      -0.2687618136405945,
      0.6032052040100098
    ],
    [
      0.5654711723327637,
      0.40271076560020447
    ],
    [
      0.2455531805753708,
      -0.012634708546102047
    ],
    [
      0.681075394153595,
      0.42419397830963135
    ],
    [
      -0.11218203604221344,
      -0.9379302859306335
    ],
    [
      -0.27352046966552734,
      0.46144357323646545
    ],
    [
      -0.04886685311794281,
      -0.31116604804992676
    ],
    [
      0.2817608714103699,
      -0.7475893497467041
    ],
    [
      -0.6570695042610168,
      0.474172979593277
    ],
    [
      -0.7459412217140198,
      -0.2607002556324005
    ],
    [
      0.20866800844669342,
      -0.7937911152839661
    ],
    [
      0.6047483682632446,
      0.8911064863204956
    ],
    [
      0.9580776691436768,
      0.7624644637107849
    ],
    [
      0.2553638517856598,
      0.860973060131073
    ],
    [
      0.4495798945426941,
      0.43335577845573425
    ],
    [
      -0.9178428649902344,
      -0.12103644758462906
    ],
    [
      -0.43586042523384094,
      -0.33000805974006653
    ],
    [
      -0.8329460024833679,
      0.5216982960700989
    ],
    [
      0.018544893711805344,
      0.3220948278903961
    ],
    [
      0.260628879070282,
      -0.25814634561538696
    ],
    [
      -0.10651969909667969,
      -0.1697835624217987
    ],
    [
      -0.03922298550605774,
      0.9666471481323242
    ],
    [
      -0.2531525790691376,
      -0.9751860499382019
    ],
    [
      0.8438066840171814,
      0.7465521693229675
    ],
    [
      -0.2965063452720642,
      0.2602662146091461
    ],
    [
      -0.2843460738658905,
      -0.5743601322174072
    ],
    [
      -0.5533615350723267,
      -0.1608724147081375
    ],
    [
      -0.8541795611381531,
      0.3016781508922577
    ],
    [
      0.5113722681999207,
      0.8642024397850037
    ],
    [
      -0.2471916824579239,
      -0.4061454236507416
    ],
    [
      -0.25611138343811035,
      0.6553987264633179
    ],
    [
      0.8022790551185608,
      -0.14539243280887604
    ],
    [
      -0.9956211447715759,
      -0.916069507598877
