{
  "model_path": "fixtures/gtil/mixedwidth.captured-in-script",
  "n_features": 2,
  "input": [
    [
      0.10000000149011612,
      null
    ],
    [
      0.09999999403953552,
      0.5707171674275384
    ],
    [
      0.1,
      -0.45481478943471676
    ],
    [
      0.2,
      0.6037443550700385
    ],
    [
      null,
      null
    ],
    [
      -0.28436546008426666,
      null
    ],
    [
      0.3669258703442726,
      0.4254040539658004
    ],
    [
      -0.25949849041921014,
      0.12239237213124987
    ],
    [
      null,
      -0.9724631008186355
    ],
    [
      0.5456532432247481,
      null
    ],
    [
      -0.27022803219725544,
      0.2307923568669874
    ],
    [
      null,
      -0.262351987996051
    ],
    [
      0.8662802039650432,
      null
    ],
    [
      null,
      0.577460285881491
    ],
    [
      -0.3663277556622575,
      null
    ],
    [
      null,
      null
    ],
    [
      null,
      -0.7124663509708709
    ],
    [
      0.4085219422366708,
      null
    ],
    [
      -0.5624157886518228,
      0.8497352572311301
    ],
    [
      -0.11571848919164673,
      null
    ],
    [
      null,
      -0.6314258323723727
    ],
    [
      -0.9052894423969697,
      0.3497618871646604
    ],
    [
      0.1892495598688977,
      0.06662032599750112
    ],
    [
      -0.913351874610393,
      null
    ],
    [
      null,
      null
    ],
    [
      null,
      0.21438741243696913
    ],
    [
      0.13188928610106276,
      null
    ],
    [
      0.2348834176085941,
      0.8242457728663086
    ],
    [
      0.5810482661140668,
      0.9841629323767229
    ],
    [
      0.917603524305733,
      0.5839282705832796
    ],
    [
      null,
      0.24983341061182207
    ],
    [
      -0.04381240865865088,
      null
    ],
    [
      -0.23536509593698707,
      -0.8922526297075268
    ],
    [
      -0.09670318347828188,
      0.964009483043909
    ],
    [
      null,
      -0.7612382041475032
    ],
    [
      0.4770461122866936,
      0.17460726692796924
    ],
    [
      -0.05673493135926444,
      null
    ],
    [
      null,
      null
    ],
    [
      -0.1664929243946136,
      0.07170332506323174
    ],
    [
      -0.9875829668257412,
      null
    ],
    [
      null,
      0.22429799413151508
    ],
    [
      null,
      0.2514733399250706
    ],
    [
      0.4119951301635465,
      -0.7003325680201455
    ],
    [
      null,
      0.6620139848670756
    ],
    [
      0.2674515379019582,
      -0.12338023775514495
    ],
    [
      -0.6948544506509893,
      null
    ],
    [
      0.05644855517012104,
      0.9028575275071864
    ],
    [
      null,
      0.005119126765100734
    ],
    [
      0.0737563858488195,
      null
    ],
    [
      null,
      0.33884348614909765
    ],
    [
      null,
      0.41623072395520766
    ],
    [
      0.5937343674503932,
      0.1155216568548989
    ],
    [
      null,
      null
    ],
    [
      null,
      0.18778698524954351
    ],
    [
      -0.771868602514675,
      0.9016197001682444
    ],
    [
      null,
      -0.6127626196924456
    ],
    [
      null,
      0.8408051421861755
    ],
    [
      null,
      -0.49476848990693956
    ],
    [
      null,
      null
    ],
    [
      0.8035921027419841,
      null
    ],
    [
      0.4533169231242815,
      0.8001756736194154
    ],
    [
      0.5583276015386485,
      0.19830956120858478
    ],
    [
      null,
      null
    ],
    [
      -0.3296506817011302,
      0.31510355431563886
    ],
    [
      -0.8533149127347637,
      -0.8899872091875527
    ],
    [
      -0.3536103721576471,
      0.1809636089259723
    ],
    [
      0.7077971342512834,
      -0.425875149999982
    ],
    [
      null,
      null
    ],
    [
      null,
      -0.6410042610612163
    ],
    [
      -0.36490635394560833,
      null
    ],
    [
      null,
      0.8012972423101838
    ],
    [
      0.9544828618451742,
      0.11378935827366976
    ],
    [
      null,
      -0.33399506854179983
    ],
    [
      null,
      null
    ],
    [
      null,
      -0.4539134806326288
    ],
    [
      0.9489902761745195,
      0.3355738122900753
    ],
    [
      -0.4886934271317207,
      -0.7833770116345424
    ],
    [
      0.5523614463477644,
      0.564955985200404
    ],
    [
      null,
      0.8288062265386476
    ],
    [
      0.31724556388484526,
      0.13673516314586487
    ],
    [
      null,
      0.3965927511035223
    ],
    [
      0.9043908196309547,
      null
    ],
    [
      null,
      null
    ],
    [
      0.09024433235943974,
      -0.09749189007180337
    ],
    [
      null,
      0.9465295822373379
    ],
    [
      0.18682265913793938,
      -0.2678510045590583
    ],
    [
      null,
      0.742846510097396
    ],
    [
      -0.5687318740232084,
      null
    ],
    [
      null,
      0.6032051970055203
    ],
    [
      0.5654711839507525,
      0.402710758473386
    ],
    [
      null,
      null
    ],
    [
      0.6810754002369774,
      0.42419397388729463
    ],
    [
      null,
      -0.9379302777333347
    ],
    [
      -0.2735204796128039,
      null
    ],
    [
      -0.04886685383271683,
      -0.31116605975599465
    ],
    [
      null,
      null
    ],
    [
      null,
      null
    ],
    [
      null,
      -0.26070025010674636
    ],
    [
      null,
      null
    ],
    [
      0.6047483646744203,
      null
    ],
    [
      null,
      0.7624644926778541
    ],
    [
      0.25536384292795034,
      null
    ],
    [
      null,
      0.4333557721107124
    ],
    [
      null,
      -0.12103644966505023
    ],
    [
      null,
      -0.3300080622161454
    ],
    [
      null,
      0.5216982941147721
    ],
    [
      0.018544894327907846,
      null
    ],
    [
      null,
      null
    ],
    [
      null,
      -0.16978355960481362
    ],
    [
      -0.0392229839731868,
      null
    ],
    [
      -0.2531525852929253,
      -0.9751860365445728
    ],
    [
      0.8438066755980578,
      0.7465521406884159
    ],
    [
      null,
      0.2602662250045842
    ],
    [
      -0.28434608131661787,
      -0.5743601247030701
    ],
    [
      null,
      null
    ],
    [
      -0.8541795578438665,
      null
    ],
    [
      null,
      null
    ],
    [
      -0.24719168083600418,
      null
    ],
    [
      -0.25611137501169967,
      0.6553987176072684
    ],
    [
      null,
      -0.1453924302850076
    ],
    [
      null,
      -0.9160695108706596
    ],
    [
      null,
      0.19647437021033332
    ],
    [
      -0.7870789559762783,
      null
    ],
    [
      -0.8832160201757344,
      null
    ],
    [
      null,
      0.7101093722633134
    ],
    [
      -0.38732559426745516,
      null
    ],
    [
      null,
      -0.9236716356427037
    ],
    [
      null,
      0.3177469772964172
    ],
    [
      null,
      0.5948226161822772
    ],
    [
      null,
      0.11130676889947377
    ],
    [
      0.25898308924476865,
      null
    ],
    [
      -0.5192349249544268,
      null
    ],
    [
      0.7129549141191416,
      0.45559203119723835
    ],
    [
      0.3846902868319222,
      null
    ],
    [
      null,
      0.32948666780861213
    ],
    [
      null,
      0.036290998512626516
    ],
    [
      null,
      -0.9379008032872773
    ],
    [
      0.15367968626624173,
      null
    ],
    [
      null,
      0.3659575942165334
    ],
    [
      null,
      null
    ]
  ],