{
  "model_path": "fixtures/gtil/mixedwidth.captured-in-script",
  "n_features": 2,
  "input": [
    [
      0.10000000149011612,
      0.24421754207966373
    ],
    [
      0.09999999403953552,
      0.5707171674275384
    ],
    [
      0.1,
      -0.45481478943471676
    ],
    [
      0.2,
      0.6037443550700385
    ],
    [
      null,
      0.7518652694841894
    ],
    [
      -0.28436546008426666,
      0.001990251046917413
    ],
    [
      0.3669258703442726,
      0.4254040539658004
    ],
    [
      -0.25949849041921014,
      0.12239237213124987
    ],
    [
      0.006166330615619442,
      -0.9724631008186355
    ],
    [
      0.5456532432247481,
      0.7652823812722331
    ],
    [
      -0.27022803219725544,
      0.2307923568669874
    ],
    [
      -0.8492375167140469,
      -0.262351987996051
    ],
    [
      0.8662802039650432,
      0.3027562864531548
    ],
    [
      -0.2055948445476916,
      0.577460285881491
    ],
    [
      -0.3663277556622575,
      0.13619730525213836
    ],
    [
      0.7382547791224516,
      -0.12765315220864126
    ],
    [
      0.6042952841603182,
      -0.7124663509708709
    ],
    [
      0.4085219422366708,
      0.4091626163791451
    ],
    [
      -0.5624157886518228,
      0.8497352572311301
    ],
    [
      -0.11571848919164673,
      0.818631917944945
    ],
    [
      -0.8803815544402962,
      -0.6314258323723727
    ],
    [
      -0.9052894423969697,
      0.3497618871646604
    ],
    [
      0.1892495598688977,
      0.06662032599750112
    ],
    [
      -0.913351874610393,
      0.12286616012679574
    ],
    [
      -0.34066310875816996,
      0.005933666225236722
    ],
    [
      -0.7762113648511924,
      0.21438741243696913
    ],
    [
      0.13188928610106276,
      -0.9864718760199944
    ],
    [
      0.2348834176085941,
      0.8242457728663086
    ],
    [
      0.5810482661140668,
      0.9841629323767229
    ],
    [
      0.917603524305733,
      0.5839282705832796
    ],
    [
      -0.42949807995098044,
      0.24983341061182207
    ],
    [
      -0.04381240865865088,
      -0.6086496426682035
    ],
    [
      -0.23536509593698707,
      -0.8922526297075268
    ],
    [
      -0.09670318347828188,
      0.964009483043909
    ],
    [
      -0.752114599026074,
      -0.7612382041475032
    ],
    [
      0.4770461122866936,
      0.17460726692796924
    ],
    [
      -0.05673493135926444,
      -0.7857463656122674
    ],
    [
      -0.5415628690787642,
      0.7999303896733507
    ],
    [
      -0.1664929243946136,
      0.07170332506323174
    ],
    [
      -0.9875829668257412,
      -0.3987165884593977
    ],
    [
      -0.12621365564877962,
      0.22429799413151508
    ],
    [
      0.8363961507611462,
      0.2514733399250706
    ],
    [
      0.4119951301635465,
      -0.7003325680201455
    ],
    [
      0.4921268182734333,
      0.6620139848670756
    ],
    [
      0.2674515379019582,
      -0.12338023775514495
    ],
    [
      -0.6948544506509893,
      0.13681923049438027
    ],
    [
      0.05644855517012104,
      0.9028575275071864
    ],
    [
      -0.039281642979967835,
      0.005119126765100734
    ],
    [
      0.0737563858488195,
      0.6384041341283166
    ],
    [
      -0.8857687238222802,
      0.33884348614909765
    ],
    [
      0.534233256758945,
      0.41623072395520766
    ],
    [
      0.5937343674503932,
      0.1155216568548989
    ],
    [
      0.9316730639842552,
      -0.7056862002140056
    ],
    [
      -0.9407059989291688,
      0.18778698524954351
    ],
    [
      -0.771868602514675,
      0.9016197001682444
    ],
    [
      -0.34858517114930554,
      -0.6127626196924456
    ],
    [
      -0.08437670220514493,
      0.8408051421861755
    ],
    [
      0.7581383230293515,
      -0.49476848990693956
    ],
    [
      -0.3039824142613077,
      -0.6348225368393825
    ],
    [
      0.8035921027419841,
      0.4130563263435949
    ],
    [
      0.4533169231242815,
      0.8001756736194154
    ],
    [
      0.5583276015386485,
      0.19830956120858478
    ],
    [
      -0.41774951020425033,
      -0.6972094711851358
    ],
    [
      -0.3296506817011302,
      0.31510355431563886
    ],
    [
      -0.8533149127347637,
      -0.8899872091875527
    ],
    [
      -0.3536103721576471,
      0.1809636089259723
    ],
    [
      0.7077971342512834,
      -0.425875149999982
    ],
    [
      -0.6538655463704157,
      -0.7319575880023144
    ],
    [
      0.989307657288589,
      -0.6410042610612163
    ],
    [
      -0.36490635394560833,
      0.13658280931821443
    ],
    [
      -0.981302850999511,
      0.8012972423101838
    ],
    [
      0.9544828618451742,
      0.11378935827366976
    ],
    [
      -0.8304523132116197,
      -0.33399506854179983
    ],
    [
      0.456857352739344,
      -0.7151292533163656
    ],
    [
      0.104937878995091,
      -0.4539134806326288
    ],
    [
      0.9489902761745195,
      0.3355738122900753
    ],
    [
      -0.4886934271317207,
      -0.7833770116345424
    ],
    [
      0.5523614463477644,
      0.564955985200404
    ],
    [
      0.5232078286149882,
      0.8288062265386476
    ],
    [
      0.31724556388484526,
      0.13673516314586487
    ],
    [
      -0.5964886150940434,
      0.3965927511035223
    ],
    [
      0.9043908196309547,
      0.7799265742840102
    ],
    [
      0.9871347257263474,
      0.637407020407851
    ],
    [
      0.09024433235943974,
      -0.09749189007180337
    ],
    [
      0.7811143758577146,
      0.9465295822373379
    ],
    [
      0.18682265913793938,
      -0.2678510045590583
    ],
    [
      -0.35381061406750103,
      0.742846510097396
    ],
    [
      -0.5687318740232084,
      0.46989037712439274
    ],
    [
      -0.26876182526562875,
      0.6032051970055203
    ],
    [
      0.5654711839507525,
      0.402710758473386
    ],
    [
      0.24555317320639825,
      -0.01263470850577586
    ],
    [
      0.6810754002369774,
      0.42419397388729463
    ],
    [
      -0.11218203716829511,
      -0.9379302777333347
    ],
    [
      -0.2735204796128039,
      0.46144358282067754
    ],
    [
      -0.04886685383271683,
      -0.31116605975599465
    ],
    [
      0.28176086999203753,
      -0.7475893567712011
    ],
    [
      -0.6570694780715005,
      0.4741729873770433
    ],
    [
      -0.7459412128551952,
      -0.26070025010674636
    ],
    [
      0.2086680096720528,
      -0.7937911222887055
    ],
    [
      0.6047483646744203,
      0.8911064716842487
    ],
    [
      0.9580776398678752,
      0.7624644926778541
    ],
    [
      0.25536384292795034,
      0.8609730668053313
    ],
    [
      0.44957990620487776,
      0.4333557721107124
    ],
    [
      -0.9178428668316323,
      -0.12103644966505023
    ],
    [
      -0.43586043376782446,
      -0.3300080622161454
    ],
    [
      -0.8329459859111994,
      0.5216982941147721
    ],
    [
      0.018544894327907846,
      0.3220948352169044
    ],
    [
      0.26062888496856296,
      -0.25814634508494505
    ],
    [
      -0.10651969653831062,
      -0.16978355960481362
    ],
    [
      -0.0392229839731868,
      0.9666471467769324
    ],
    [
      -0.2531525852929253,
      -0.9751860365445728
    ],
    [
      0.8438066755980578,
      0.7465521406884159
    ],
    [
      -0.2965063568248225,
      0.2602662250045842
    ],
    [
      -0.28434608131661787,
      -0.5743601247030701
    ],
    [
      -0.5533615537546956,
      -0.1608724165383446
    ],
    [
      -0.8541795578438665,
      0.3016781402733846
    ],
    [
      0.5113722979018749,
      0.8642024526236245
    ],
    [
      -0.24719168083600418,
      -0.4061454331009331
    ],
    [
      -0.25611137501169967,
      0.6553987176072684
    ],
    [
      0.8022790705005896,
      -0.1453924302850076
    ],
    [
      -0.9956211383537568,
      -0.9160695108706596
    ],
    [
