{
  "model_path": "fixtures/gtil/mixedwidth.captured-in-script",
  "n_features": 2,
  "input": [
    [
      0.10000000149011612,
      -0.8813351146966721
    ],
    [
      0.09999999403953552,
      0.037730879257865224
    ],
    [
      0.1,
      -0.13877101387816948
    ],
    [
      0.2,
      -0.429492204704887
    ],
    [
      null,
      -0.6305733178731829
    ],
    [
      -0.82434415397734,
      0.4729371632147672
    ],
    [
      -0.6081626392507886,
      0.5366820764496527
    ],
    [
      0.27500350970489396,
      0.5928119493585333
    ],
    [
      0.5763854233689152,
      -0.1662457484628035
    ],
    [
      0.577284704011455,
      -0.7940502491694479
    ],
    [
      0.9281198087527203,
      -0.7262717625760877
    ],
    [
      -0.006891274371789713,
      0.7891583803106583
    ],
    [
      0.5320697258717073,
      -0.9628098582854601
    ],
    [
      -0.38206087866635285,
      0.26130224698877913
    ],
    [
      0.9671646449152267,
      0.8646724701480026
    ],
    [
      0.23859145315852293,
      -0.45004726305322973
    ],
    [
      0.26609245058847186,
      -0.7199283679421846
    ],
    [
      0.5994799330338769,
      0.31732709471978615
    ],
    [
      -0.4916757123554254,
      -0.7149112625799137
    ],
    [
      0.28611055204821745,
      -0.45550910282814705
    ],
    [
      -0.0990639132401776,
      -0.07633151790185022
    ],
    [
      -0.1434508680094,
      0.7659817855099307
    ],
    [
      -0.852623632249353,
      -0.3152373058402216
    ],
    [
      0.6108226411252455,
      0.7330931968551431
    ],
    [
      0.9887081970239175,
      -0.5866510734745378
    ],
    [
      -0.3702183361077471,
      0.19608932757260367
    ],
    [
      -0.2080364525962588,
      -0.1261646096762825
    ],
    [
      0.9856714713389472,
      -0.03968403416527222
    ],
    [
      0.8197200576829748,
      -0.7655245373060928
    ],
    [
      -0.4756096194605304,
      0.5304411156259234
    ],
    [
      -0.47087921047503256,
      0.7873448687111908
    ],
    [
      0.10550804640198219,
      -0.17565640724153608
    ],
    [
      -0.43385571693609126,
      0.48595000123559107
    ],
    [
      0.8527491664066189,
      0.6991640740693357
    ],
    [
      0.006781300162578496,
      -0.7915321814200715
    ],
    [
      -0.7324506378090312,
      0.223389521132082
    ],
    [
      -0.36698237692336844,
      -0.4998917570225514
    ],
    [
      -0.22519200293309583,
      0.20978795172438103
    ],
    [
      -0.7181108641562053,
      -0.861858573742192
    ],
    [
      -0.9112611743582923,
      -0.9617994952752928
    ],
    [
      0.6006073900308819,
      0.6094677195228759
    ],
    [
      -0.9762284737840157,
      0.6359473822142445
    ],
    [
      0.22364512449073537,
      0.47462205752305375
    ],
    [
      0.250771341465317,
      -0.03544448704942371
    ],
    [
      0.24847702769073043,
      0.48946930544455336
    ],
    [
      0.43130778037281314,
      0.9006505282509354
    ],
    [
      -0.1641357099773364,
      0.8809361588560232
    ],
    [
      -0.49514099687717494,
      0.8269877991882568
    ],
    [
      0.3285621960867986,
      -0.6947605453918524
    ],
    [
      0.6082033638434752,
      -0.7553500001937306
    ],
    [
      0.2810735132642621,
      0.7987828749184747
    ],
    [
      0.22567089175276522,
      0.2005215721768452
    ],
    [
      -0.5316031808820196,
      -0.2503309103866762
    ],
    [
      -0.6573190334523118,
      0.17182285337218106
    ],
    [
      -0.6170920409367848,
      0.1993699857009632
    ],
    [
      -0.9729414374038254,
      0.03767143516932814
    ],
    [
      -0.6051452118513121,
      -0.20436811899306395
    ],
    [
      0.9366682940432982,
      0.7645071385838349
    ],
    [
      0.5452243767558431,
      0.6433468642055329
    ],
    [
      0.6757081326417724,
      -0.21886830912497235
    ],
    [
      0.7162262067471945,
      0.1785530548572467
    ],
    [
      0.18854819719276072,
      0.6490208476486221
    ],
    [
      0.8163978371659357,
      0.6434409827100389
    ],
    [
      -0.9933247187796368,
      0.9354895800670067
    ],
    [
      -0.9201946505293987,
      0.9524314031037628
    ],
    [
      0.05949434228614803,
      0.314114912075923
    ],
    [
      -0.6297173293819345,
      0.29867361447557106
    ],
    [
      -0.4387296938480254,
      0.672988357084229
    ],
    [
      0.8274354518563731,
      0.19881305036480312
    ],
    [
      -0.9423934015674815,
      -0.26565444742471644
    ],
    [
      -0.3133016542323681,
      -0.5872336664108269
    ],
    [
      -0.825479011563657,
      0.370862780644416
    ],
    [
      -0.8208415457710518,
      0.13286179983290358
    ],
    [
      -0.4107724320016559,
      -0.7521394399141645
    ],
    [
      -0.34331783271310057,
      0.7814496599093006
    ],
    [
      0.6964024624034788,
      -0.4274900392204317
    ],
    [
      0.19842893124725425,
      0.49174413116563187
    ],
    [
      -0.32796905969605694,
      0.8211403882253321
    ],
    [
      -0.6328585998971417,
      0.7108921028828088
    ],
    [
      0.20110616818990978,
      -0.26022838927296577
    ],
    [
      -0.42552910135486677,
      0.9545227033072283
    ],
    [
      0.3728457048008582,
      0.31894725603401475
    ],
    [
      0.7838148006975596,
      -0.41583879436949633
    ],
    [
      0.08917172766741044,
      0.7832745087555484
    ],
    [
      0.6964269320205645,
      0.16460689023798447
    ],
    [
      0.88106897558506,
      -0.8142813055718665
    ],
    [
      -0.9946819292067202,
      -0.9610476558684622
    ],
    [
      0.9351318759871836,
      0.7994930673277441
    ],
    [
      0.8464331171206239,
      0.5993655770012745
    ],
    [
      -0.5996386989469096,
      -0.8214893757967083
    ],
    [
      -0.48726873710020624,
      -0.3363614543548521
    ],
    [
      -0.3372286148632817,
      0.6010981606137309
    ],
    [
      -0.16783724609717354,
      -0.5964944357710211
    ],
    [
      0.08331556503577708,
      -0.45844607748620736
    ],
    [
      -0.5224262744499233,
      0.8223421039234908
    ],
    [
      -0.6861459185332004,
      -0.46031596465357194
    ],
    [
      -0.4639684778526736,
      0.663193051921626
    ],
    [
      0.2776641871413057,
      -0.40718480881204666
    ],
    [
      0.3016361490304751,
      -0.6786411184461036
    ],
    [
      -0.3606820638204775,
      -0.8063984797477037
    ],
    [
      -0.10622758589827197,
      -0.46231790563198216
    ],
    [
      0.8082559243424305,
      -0.962617324963204
    ],
    [
      -0.09980679854829089,
      -0.4805767255540312
    ],
    [
      0.07557217354829238,
      0.5858085096388197
    ],
    [
      -0.4144020415344667,
      -0.6893101855282571
    ],
    [
      -0.4415507900119413,
      -0.2941060711173349
    ],
    [
      -0.24084160589887804,
      -0.310725458386218
    ],
    [
      0.19894134886668935,
      0.2483245295742258
    ],
    [
      -0.8033406572206021,
      -0.9490411764254225
    ],
    [
      0.2570216392031339,
      0.22231727955778346
    ],
    [
      -0.05694114127543659,
      -0.6741227129575358
    ],
    [
      0.0775724532388169,
      -0.011375258777157393
    ],
    [
      -0.19377786795955987,
      0.7835824150833466
    ],
    [
      0.1988058322888484,
      -0.28179225104014405
    ],
    [
      0.4063226289362072,
      -0.3619549471241492
    ],
    [
      0.9830751542446887,
      0.19571481474680907
    ],
    [
      0.7828314767417917,
      -0.8770493284724894
    ],
    [
      -0.8908542072072063,
      -0.09633197082061185
    ],
    [
      0.17128358053427006,
      0.20729204324703554
    ],
    [
      0.7159867857110411,
      -0.3179550741010271
    ],
    [
      -0.2152013062903939,
      0.0942873607946011
    ],
    [
