{
  "model_path": "fixtures/gtil/mixedwidth.captured-in-script",
  "n_features": 2,
  "input": [
    [
      0.10000000149011612,
      null
    ],
    [
      0.09999999403953552,
      0.5707171559333801
    ],
    [
      0.10000000149011612,
      -0.4548147916793823
    ],
    [
      0.20000000298023224,
      0.6037443280220032
    ],
    [
      null,
      null
    ],
    [
      -0.2843654453754425,
      null
    ],
    [
      0.3669258654117584,
      0.42540404200553894
    ],
    [
      -0.2594984769821167,
      0.12239237129688263
    ],
    [
      null,
      -0.972463071346283
    ],
    [
      0.545653223991394,
      null
    ],
    [
      -0.2702280282974243,
      0.2307923585176468
    ],
    [
      null,
      -0.26235198974609375
    ],
    [
      0.866280198097229,
      null
    ],
    [
      null,
      0.5774602890014648
    ],
    [
      -0.36632776260375977,
      null
    ],
    [
      null,
      null
    ],
    [
      null,
      -0.7124663591384888
    ],
    [
      0.40852195024490356,
      null
    ],
    [
      -0.5624157786369324,
      0.8497352600097656
    ],
    [
      -0.11571849137544632,
      null
    ],
    [
      null,
      -0.6314258575439453
    ],
    [
      -0.9052894711494446,
      0.34976187348365784
    ],
    [
      0.18924956023693085,
      0.06662032753229141
    ],
    [
      -0.9133518934249878,
      null
    ],
    [
      null,
      null
    ],
    [
      null,
      0.2143874168395996
    ],
    [
      0.13188928365707397,
      null
    ],
    [
      0.2348834127187729,
      0.8242457509040833
    ],
    [
      0.5810482501983643,
      0.9841629266738892
    ],
    [
      0.9176035523414612,
      0.5839282870292664
    ],
    [
      null,
      0.24983340501785278
    ],
    [
      -0.04381240904331207,
      null
    ],
    [
      -0.235365092754364,
      -0.8922526240348816
    ],
    [
      -0.0967031866312027,
      0.9640094637870789
    ],
    [
      null,
      -0.7612382173538208
    ],
    [
      0.47704610228538513,
      0.1746072620153427
    ],
    [
      -0.05673493072390556,
      null
    ],
    [
      null,
      null
    ],
    [
      -0.16649292409420013,
      0.07170332223176956
    ],
    [
      -0.9875829815864563,
      null
    ],
    [
      null,
      0.22429800033569336
    ],
    [
      null,
      0.2514733374118805
    ],
    [
      0.41199514269828796,
      -0.7003325819969177
    ],
    [
      null,
      0.6620140075683594
    ],
    [
      0.26745152473449707,
      -0.12338023632764816
    ],
    [
      -0.6948544383049011,
      null
    ],
    [
      0.0564485564827919,
      0.9028575420379639
    ],
    [
      null,
      0.005119126755744219
    ],
    [
      0.0737563893198967,
      null
    ],
    [
      null,
      0.3388434946537018
    ],
    [
      null,
      0.4162307381629944
    ],
    [
      0.5937343835830688,
      0.11552165448665619
    ],
    [
      null,
      null
    ],
    [
      null,
      0.1877869814634323
    ],
    [
      -0.7718685865402222,
      0.9016196727752686
    ],
    [
      null,
      -0.6127626299858093
    ],
    [
      null,
      0.8408051133155823
    ],
    [
      null,
      -0.49476850032806396
    ],
    [
      null,
      null
    ],
    [
      0.8035920858383179,
      null
    ],
    [
      0.45331692695617676,
      0.800175666809082
    ],
    [
      0.5583276152610779,
      0.19830955564975739
    ],
    [
      null,
      null
    ],
    [
      -0.3296506702899933,
      0.31510356068611145
    ],
    [
      -0.8533149361610413,
      -0.8899872303009033
    ],
    [
      -0.3536103665828705,
      0.18096360564231873
    ],
    [
      0.707797110080719,
      -0.42587515711784363
    ],
    [
      null,
      null
    ],
    [
      null,
      -0.6410042643547058
    ],
    [
      -0.36490634083747864,
      null
    ],
    [
      null,
      0.8012972474098206
    ],
    [
      0.9544828534126282,
      0.11378935724496841
    ],
    [
      null,
      -0.3339950740337372
    ],
    [
      null,
      null
    ],
    [
      null,
      -0.45391348004341125
    ],
    [
      0.9489902853965759,
      0.33557382225990295
    ],
    [
      -0.4886934161186218,
      -0.7833769917488098
    ],
    [
      0.5523614287376404,
      0.56495600938797
    ],
    [
      null,
      0.8288062214851379
    ],
    [
      0.31724557280540466,
      0.13673515617847443
    ],
    [
      null,
      0.39659273624420166
    ],
    [
      0.904390811920166,
      null
    ],
    [
      null,
      null
    ],
    [
      0.09024433046579361,
      -0.09749189019203186
    ],
    [
      null,
      0.9465295672416687
    ],
    [
      0.18682265281677246,
      -0.26785099506378174
    ],
    [
      null,
      0.7428464889526367
    ],
    [
      -0.5687318444252014,
      null
    ],
    [
      null,
      0.6032052040100098
    ],
    [
      0.5654711723327637,
      0.40271076560020447
    ],
    [
      null,
      null
    ],
    [
      0.681075394153595,
      0.42419397830963135
    ],
    [
      null,
      -0.9379302859306335
    ],
    [
      -0.27352046966552734,
      null
    ],
    [
      -0.04886685311794281,
      -0.31116604804992676
    ],
    [
      null,
      null
    ],
    [
      null,
      null
    ],
    [
      null,
      -0.2607002556324005
    ],
    [
      null,
      null
    ],
    [
      0.6047483682632446,
      null
    ],
    [
      null,
      0.7624644637107849
    ],
    [
      0.2553638517856598,
      null
    ],
    [
      null,
      0.43335577845573425
    ],
    [
      null,
      -0.12103644758462906
    ],
    [
      null,
      -0.33000805974006653
    ],
    [
      null,
      0.5216982960700989
    ],
    [
      0.018544893711805344,
      null
    ],
    [
      null,
      null
    ],
    [
      null,
      -0.1697835624217987
    ],
    [
      -0.03922298550605774,
      null
    ],
    [
      -0.2531525790691376,
      -0.9751860499382019
    ],
    [
      0.8438066840171814,
      0.7465521693229675
    ],
    [
      null,
      0.2602662146091461
    ],
    [
      -0.2843460738658905,
      -0.5743601322174072
    ],
    [
      null,
      null
    ],
    [
      -0.8541795611381531,
      null
    ],
    [
      null,
      null
    ],
    [
      -0.2471916824579239,
      null
    ],
    [
      -0.25611138343811035,
      0.6553987264633179
    ],
    [
      null,
      -0.14539243280887604
    ],
    [
      null,
      -0.916069507598877
    ],
    [
      null,
      0.1964743733406067
    ],
    [
      -0.7870789766311646,
      null
    ],
    [
      -0.8832160234451294,
      null
    ],
    [
      null,
      0.7101093530654907
    ],
    [
      -0.38732558488845825,
      null
    ],
    [
      null,
      -0.9236716628074646
    ],
    [
      null,
      0.31774696707725525
    ],
    [
      null,
      0.5948226451873779
    ],
    [
      null,
      0.11130677163600922
    ],
    [
      0.2589830756187439,
      null
    ],
    [
      -0.5192348957061768,
      null
    ],
    [
      0.7129549384117126,
      0.4555920362472534
    ],
    [
      0.3846902847290039,
      null
    ],
    [
      null,
      0.3294866681098938
    ],
    [
      null,
      0.03629099950194359
    ],
    [
      null,
      -0.9379007816314697
    ],
    [
      0.15367968380451202,
      null
    ],
    [
      null,
      0.3659575879573822
    ],
    [
      null,
      null
    ]
  ],