{
  "model_path": "fixtures/gtil/mixedwidth.captured-in-script",
  "n_features": 2,
  "input": [
    [
      0.10000000149011612,
      -0.8813351392745972
    ],
    [
      0.09999999403953552,
      0.037730880081653595
    ],
    [
      0.10000000149011612,
      -0.13877101242542267
    ],
    [
      0.20000000298023224,
      -0.42949220538139343
    ],
    [
      null,
      -0.6305733323097229
    ],
    [
      -0.8243441581726074,
      0.4729371666908264
    ],
    [
      -0.6081626415252686,
      0.5366820693016052
    ],
    [
      0.2750035226345062,
      0.5928119421005249
    ],
    [
      0.5763854384422302,
      -0.1662457436323166
    ],
    [
      0.5772846937179565,
      -0.7940502762794495
    ],
    [
      0.9281198382377625,
      -0.7262717485427856
    ],
    [
      -0.006891274359077215,
      0.7891584038734436
    ],
    [
      0.532069742679596,
      -0.9628098607063293
    ],
    [
      -0.3820608854293823,
      0.26130223274230957
    ],
    [
      0.9671646356582642,
      0.8646724820137024
    ],
    [
      0.23859144747257233,
      -0.45004725456237793
    ],
    [
      0.266092449426651,
      -0.7199283838272095
    ],
    [
      0.5994799137115479,
      0.317327082157135
    ],
    [
      -0.4916757047176361,
      -0.7149112820625305
    ],
    [
      0.2861105501651764,
      -0.45550909638404846
    ],
    [
      -0.09906391054391861,
      -0.07633151859045029
    ],
    [
      -0.14345087110996246,
      0.7659817934036255
    ],
    [
      -0.8526236414909363,
      -0.3152373135089874
    ],
    [
      0.6108226180076599,
      0.7330932021141052
    ],
    [
      0.9887081980705261,
      -0.586651086807251
    ],
    [
      -0.37021833658218384,
      0.19608932733535767
    ],
    [
      -0.20803645253181458,
      -0.12616461515426636
    ],
    [
      0.9856714606285095,
      -0.03968403488397598
    ],
    [
      0.8197200298309326,
      -0.7655245661735535
    ],
    [
      -0.4756096303462982,
      0.5304411053657532
    ],
    [
      -0.4708791971206665,
      0.7873448729515076
    ],
    [
      0.10550804436206818,
      -0.17565640807151794
    ],
    [
      -0.43385571241378784,
      0.4859499931335449
    ],
    [
      0.8527491688728333,
      0.699164092540741
    ],
    [
      0.006781300064176321,
      -0.7915321588516235
    ],
    [
      -0.7324506640434265,
      0.22338952124118805
    ],
    [
      -0.3669823706150055,
      -0.4998917579650879
    ],
    [
      -0.22519199550151825,
      0.20978794991970062
    ],
    [
      -0.7181108593940735,
      -0.8618585467338562
    ],
    [
      -0.9112612009048462,
      -0.9617995023727417
    ],
    [
      0.6006073951721191,
      0.6094677448272705
    ],
    [
      -0.9762284755706787,
      0.6359474062919617
    ],
    [
      0.22364512085914612,
      0.47462207078933716
    ],
    [
      0.25077134370803833,
      -0.035444486886262894
    ],
    [
      0.2484770268201828,
      0.4894693195819855
    ],
    [
      0.4313077926635742,
      0.9006505012512207
    ],
    [
      -0.16413570940494537,
      0.8809361457824707
    ],
    [
      -0.49514099955558777,
      0.8269878029823303
    ],
    [
      0.3285622000694275,
      -0.6947605609893799
    ],
    [
      0.6082033514976501,
      -0.7553499937057495
    ],
    [
      0.28107351064682007,
      0.7987828850746155
    ],
    [
      0.22567088901996613,
      0.2005215734243393
    ],
    [
      -0.5316031575202942,
      -0.25033092498779297
    ],
    [
      -0.6573190093040466,
      0.17182284593582153
    ],
    [
      -0.6170920133590698,
      0.19936998188495636
    ],
    [
      -0.9729414582252502,
      0.03767143562436104
    ],
    [
      -0.6051452159881592,
      -0.20436811447143555
    ],
    [
      0.9366682767868042,
      0.7645071148872375
    ],
    [
      0.5452243685722351,
      0.6433468461036682
    ],
    [
      0.6757081151008606,
      -0.21886831521987915
    ],
    [
      0.7162262201309204,
      0.17855305969715118
    ],
    [
      0.18854819238185883,
      0.6490208506584167
    ],
    [
      0.8163978457450867,
      0.6434409618377686
    ],
    [
      -0.9933246970176697,
      0.9354895949363708
    ],
    [
      -0.9201946258544922,
      0.9524313807487488
    ],
    [
      0.059494342654943466,
      0.31411489844322205
    ],
    [
      -0.6297173500061035,
      0.2986735999584198
    ],
    [
      -0.4387297034263611,
      0.6729883551597595
    ],
    [
      0.8274354338645935,
      0.1988130509853363
    ],
    [
      -0.94239342212677,
      -0.26565444469451904
    ],
    [
      -0.3133016526699066,
      -0.5872336626052856
    ],
    [
      -0.8254790306091309,
      0.37086278200149536
    ],
    [
      -0.8208415508270264,
      0.13286179304122925
    ],
    [
      -0.410772442817688,
      -0.7521394491195679
    ],
    [
      -0.34331783652305603,
      0.7814496755599976
    ],
    [
      0.6964024901390076,
      -0.4274900257587433
    ],
    [
      0.1984289288520813,
      0.49174413084983826
    ],
    [
      -0.3279690742492676,
      0.8211404085159302
    ],
    [
      -0.6328585743904114,
      0.7108920812606812
    ],
    [
      0.20110616087913513,
      -0.26022839546203613
    ],
    [
      -0.4255290925502777,
      0.9545227289199829
    ],
    [
      0.37284570932388306,
      0.3189472556114197
    ],
    [
      0.7838147878646851,
      -0.4158388078212738
    ],
    [
      0.08917172998189926,
      0.7832745313644409
    ],
    [
      0.6964269280433655,
      0.16460688412189484
    ],
    [
      0.881069004535675,
      -0.8142812848091125
    ],
    [
      -0.9946819543838501,
      -0.9610476493835449
    ],
    [
      0.935131847858429,
      0.7994930744171143
    ],
    [
      0.8464331030845642,
      0.5993655920028687
    ],
    [
      -0.5996387004852295,
      -0.8214893937110901
    ],
    [
      -0.48726874589920044,
      -0.33636146783828735
    ],
    [
      -0.3372286260128021,
      0.6010981798171997
    ],
    [
      -0.1678372472524643,
      -0.5964944362640381
    ],
    [
      0.08331556618213654,
      -0.45844608545303345
    ],
    [
      -0.5224262475967407,
      0.8223420977592468
    ],
    [
      -0.6861459016799927,
      -0.4603159725666046
    ],
    [
      -0.4639684855937958,
      0.6631930470466614
    ],
    [
      0.2776641845703125,
      -0.40718480944633484
    ],
    [
      0.3016361594200134,
      -0.678641140460968
    ],
    [
      -0.36068207025527954,
      -0.8063984513282776
    ],
    [
      -0.1062275841832161,
      -0.46231791377067566
    ],
    [
      0.8082559108734131,
      -0.9626173377037048
    ],
    [
      -0.09980680048465729,
      -0.4805767238140106
    ],
    [
      0.075572170317173,
      0.585808515548706
    ],
    [
      -0.414402037858963,
      -0.6893101930618286
    ],
    [
      -0.4415507912635803,
      -0.29410606622695923
    ],
    [
      -0.24084161221981049,
      -0.31072545051574707
    ],
    [
      0.19894134998321533,
      0.24832452833652496
    ],
    [
      -0.8033406734466553,
      -0.9490411877632141
    ],
    [
      0.25702163577079773,
      0.22231727838516235
    ],
    [
      -0.056941140443086624,
      -0.67412269115448
    ],
    [
      0.07757245004177094,
      -0.011375258676707745
    ],
    [
      -0.1937778741121292,
      0.7835823893547058
    ],
    [
      0.19880583882331848,
      -0.2817922532558441
    ],
    [
      0.4063226282596588,
      -0.3619549572467804
    ],
    [
      0.9830751419067383,
      0.1957148164510727
    ],
    [
      0.7828314900398254,
      -0.8770493268966675
    ],
    [
      -0.8908541798591614,
      -0.09633196890354156
    ],
    [
      0.17128358781337738,
      0.20729205012321472
    ],
    [
      0.7159867882728577,
      -0.3179550766944885
    ],
    [
      -0.21520130336284637,
